Y,1911.tdf.ans
Y,1911x.tdf.ans
Y,208.tdf.ans
Y,208x.tdf.ans
N,3d-ascii.tdf.ans
Y,3ddiag.tdf.ans
Y,3d-fade.tdf.ans
Y,4maxcol.tdf.ans
Y,4max.tdf.ans
Y,4maxx.tdf.ans
Y,aaa.tdf.ans
Y,aaax.tdf.ans
Y,aardvark.tdf.ans
Y,abbadon.tdf.ans
Y,access.tdf.ans
Y,acheronx.tdf.ans
Y,acid3dx.tdf.ans
Y,acidnewx.tdf.ans
Y,acidsc2x.tdf.ans
Y,acidscpx.tdf.ans
Y,acidtron.tdf.ans
Y,acidx.tdf.ans
Y,acrylicx.tdf.ans
Y,adomex.tdf.ans
Y,adrenax.tdf.ans
Y,adrknesx.tdf.ans
Y,advocate.tdf.ans
Y,aftrdarx.tdf.ans
Y,aftrhoux.tdf.ans
Y,agony2x.tdf.ans
Y,agony.tdf.ans
Y,alchemyx.tdf.ans
Y,alfheimx.tdf.ans
Y,alienled.tdf.ans
Y,aligatr2.tdf.ans
Y,alphax.tdf.ans
Y,amazonx.tdf.ans
Y,ambush2.tdf.ans
Y,ambushs.tdf.ans
Y,ambushx.tdf.ans
Y,amcneko.tdf.ans
Y,amcslash.tdf.ans
Y,amnesia.tdf.ans
Y,amnesiax.tdf.ans
Y,anarchyx.tdf.ans
N,andromed.tdf.ans
Y,anemiax.tdf.ans
Y,anemiaxx.tdf.ans
Y,angldust.tdf.ans
Y,anniverx.tdf.ans
Y,anomalix.tdf.ans
Y,ansiltr2.tdf.ans
Y,ansiltr3.tdf.ans
Y,ansiltr4.tdf.ans
Y,ansiltr5.tdf.ans
Y,antrfont.tdf.ans
Y,apocal2x.tdf.ans
Y,apotm.tdf.ans
Y,apovisnx.tdf.ans
Y,appocalx.tdf.ans
Y,arcane.tdf.ans
Y,archana.tdf.ans
Y,areaconx.tdf.ans
Y,areax.tdf.ans
Y,armagdnx.tdf.ans
Y,ascii_2.tdf.ans
N,ascii.tdf.ans
Y,assylum.tdf.ans
Y,assylumx.tdf.ans
Y,astronmx.tdf.ans
Y,asylumx.tdf.ans
Y,atbx.tdf.ans
Y,atlantix.tdf.ans
Y,atomicx.tdf.ans
Y,atomx.tdf.ans
Y,attitudx.tdf.ans
Y,audiofil.tdf.ans
Y,badlandx.tdf.ans
Y,balistcx.tdf.ans
Y,bamboosx.tdf.ans
Y,banshee.tdf.ans
Y,bansheex.tdf.ans
Y,basic.tdf.ans
Y,bbstx.tdf.ans
N,beast.tdf.ans
Y,belfastx.tdf.ans
Y,bevisiox.tdf.ans
Y,beyond2x.tdf.ans
Y,beyondx.tdf.ans
N,bigice_f.tdf.ans
Y,bigl2.tdf.ans
N,biglimpy.tdf.ans
Y,biohazrx.tdf.ans
Y,bismarcx.tdf.ans
Y,bitchvrx.tdf.ans
Y,bizarrax.tdf.ans
Y,blacksun.tdf.ans
Y,blacksux.tdf.ans
Y,blackx.tdf.ans
Y,bladex.tdf.ans
Y,blah.tdf.ans
Y,blahx.tdf.ans
Y,blcksunx.tdf.ans
Y,blcktrnc.tdf.ans
Y,bleach.tdf.ans
Y,blendr1x.tdf.ans
Y,blendr2x.tdf.ans
Y,blevx.tdf.ans
Y,blisterx.tdf.ans
N,block3d.tdf.ans
Y,block3dx.tdf.ans
Y,block.tdf.ans
Y,bloodlgc.tdf.ans
N,bloodlg.tdf.ans
N,bloodsmc.tdf.ans
N,bloodsml.tdf.ans
Y,bloodyx.tdf.ans
Y,blueescx.tdf.ans
Y,blunders.tdf.ans
Y,blunder.tdf.ans
Y,blwtorcx.tdf.ans
Y,boardx.tdf.ans
Y,bodily.tdf.ans
Y,bodycnt.tdf.ans
Y,bodycntx.tdf.ans
Y,bodyelex.tdf.ans
Y,boilpont.tdf.ans
Y,boldme.tdf.ans
Y,bolger.tdf.ans
Y,bollux.tdf.ans
Y,bolluxx.tdf.ans
Y,bonerx.tdf.ans
Y,bonex.tdf.ans
Y,bongx.tdf.ans
N,bow.tdf.ans
Y,boxfight.tdf.ans
Y,bravex.tdf.ans
Y,breachx.tdf.ans
Y,breakx.tdf.ans
Y,brex.tdf.ans
Y,brickx.tdf.ans
Y,brink.tdf.ans
Y,brinkx.tdf.ans
Y,brndamgx.tdf.ans
Y,broadway.tdf.ans
Y,brokenx.tdf.ans
Y,broknsrt.tdf.ans
Y,brothood.tdf.ans
Y,bubacol.tdf.ans
Y,buba.tdf.ans
Y,buffalo.tdf.ans
Y,burningx.tdf.ans
Y,cafex.tdf.ans
Y,califorx.tdf.ans
Y,calvin_l.tdf.ans
Y,calvin_s.tdf.ans
Y,calvin.tdf.ans
Y,capitalx.tdf.ans
Y,carbonx.tdf.ans
Y,cardinax.tdf.ans
Y,cartelx.tdf.ans
Y,cartoon.tdf.ans
Y,casinox.tdf.ans
Y,castlex.tdf.ans
Y,catlkinx.tdf.ans
Y,cattlex.tdf.ans
Y,ccinx.tdf.ans
Y,celertyx.tdf.ans
Y,cemetary.tdf.ans
Y,cesspoox.tdf.ans
Y,cfh-amig.tdf.ans
Y,cfh-horx.tdf.ans
N,cfh-snow.tdf.ans
Y,cfh-snwx.tdf.ans
Y,chamberx.tdf.ans
Y,channelx.tdf.ans
Y,chaos2x.tdf.ans
Y,chaosenx.tdf.ans
Y,chaoticx.tdf.ans
Y,chazergx.tdf.ans
Y,children.tdf.ans
Y,chnlzero.tdf.ans
Y,chromax.tdf.ans
Y,chronox.tdf.ans
Y,churchx.tdf.ans
Y,ciafontx.tdf.ans
Y,circutsx.tdf.ans
Y,cityx.tdf.ans
Y,classic.tdf.ans
Y,cldcityx.tdf.ans
Y,closedx.tdf.ans
Y,cnerip.tdf.ans
Y,coderx.tdf.ans
Y,codex.tdf.ans
Y,colony.tdf.ans
Y,colorhrd.tdf.ans
Y,color_.tdf.ans
N,color.tdf.ans
Y,colosall.tdf.ans
N,coloscol.tdf.ans
Y,coloseux.tdf.ans
N,colossal.tdf.ans
Y,coloursx.tdf.ans
Y,commodre.tdf.ans
Y,commx.tdf.ans
Y,compact.tdf.ans
Y,compfigl.tdf.ans
Y,computrx.tdf.ans
Y,consolex.tdf.ans
Y,continux.tdf.ans
Y,convulsx.tdf.ans
N,cop-bh.tdf.ans
N,cop_ch1.tdf.ans
Y,corosv2x.tdf.ans
Y,corpse.tdf.ans
Y,corrosox.tdf.ans
Y,coruptnx.tdf.ans
N,cosmicco.tdf.ans
N,cosmic.tdf.ans
Y,countx.tdf.ans
Y,courierx.tdf.ans
Y,crazedx.tdf.ans
Y,creatiox.tdf.ans
Y,creatorx.tdf.ans
Y,creepx.tdf.ans
Y,crestclx.tdf.ans
Y,crest.tdf.ans
Y,cricket.tdf.ans
Y,crimrinx.tdf.ans
Y,crimson.tdf.ans
Y,crisisx.tdf.ans
Y,crosroax.tdf.ans
Y,cr-x.tdf.ans
N,cryptic.tdf.ans
Y,crystalx.tdf.ans
Y,crzymadx.tdf.ans
Y,cyanidx.tdf.ans
Y,cybcrtwx.tdf.ans
Y,cybera2x.tdf.ans
Y,cyberia1.tdf.ans
Y,cyberlrg.tdf.ans
Y,cybernx.tdf.ans
Y,cyberrrx.tdf.ans
Y,cyberwrx.tdf.ans
Y,cyberwx.tdf.ans
Y,cyblarge.tdf.ans
Y,cybmedum.tdf.ans
Y,cybrcrme.tdf.ans
Y,cybrfrcx.tdf.ans
Y,cybsmall.tdf.ans
Y,damagex.tdf.ans
Y,damnatnx.tdf.ans
Y,damnedx.tdf.ans
Y,dangerfx.tdf.ans
Y,dangerx.tdf.ans
Y,darkcrux.tdf.ans
N,darkers1.tdf.ans
Y,darkers2.tdf.ans
Y,darklanx.tdf.ans
Y,darklitx.tdf.ans
Y,darkmoon.tdf.ans
Y,darkn2sx.tdf.ans
Y,darknses.tdf.ans
Y,darksidx.tdf.ans
N,darksun.tdf.ans
N,darksunx.tdf.ans
Y,dark.tdf.ans
Y,darktwo.tdf.ans
Y,darrell.tdf.ans
Y,darrellx.tdf.ans
Y,dcfont.tdf.ans
N,dcp_1.tdf.ans
Y,deadrelm.tdf.ans
Y,deadstar.tdf.ans
Y,deadstrx.tdf.ans
Y,deathrow.tdf.ans
Y,death.tdf.ans
Y,deathx.tdf.ans
Y,deep.tdf.ans
Y,defleprd.tdf.ans
Y,dellx.tdf.ans
Y,demonclx.tdf.ans
Y,demonic.tdf.ans
Y,denied.tdf.ans
Y,descentx.tdf.ans
Y,descntsx.tdf.ans
Y,desertx.tdf.ans
Y,desnudo.tdf.ans
Y,destinx.tdf.ans
Y,destny2x.tdf.ans
Y,destrucx.tdf.ans
Y,developx.tdf.ans
Y,digital2.tdf.ans
Y,digitalx.tdf.ans
Y,digitx.tdf.ans
Y,digx.tdf.ans
Y,dimentox.tdf.ans
Y,dimsbolx.tdf.ans
Y,dimsslim.tdf.ans
Y,dimsslix.tdf.ans
Y,dissimux.tdf.ans
Y,distreax.tdf.ans
Y,dolcex.tdf.ans
Y,dominion.tdf.ans
Y,dominiox.tdf.ans
N,donnow.tdf.ans
Y,doorsx.tdf.ans
Y,dope.tdf.ans
Y,dosrebel.tdf.ans
Y,downfalx.tdf.ans
Y,dragon2x.tdf.ans
Y,dragonx.tdf.ans
Y,dreadlk.tdf.ans
Y,dreamlds.tdf.ans
Y,dreamlnx.tdf.ans
Y,dreamlsx.tdf.ans
Y,dream.tdf.ans
Y,drgx.tdf.ans
Y,drkers1x.tdf.ans
Y,drkers2x.tdf.ans
Y,drkimagx.tdf.ans
Y,drkmoonx.tdf.ans
Y,drkrealm.tdf.ans
Y,drksocty.tdf.ans
Y,drome.tdf.ans
Y,drumsx.tdf.ans
Y,dsktdwnx.tdf.ans
Y,dungeon2.tdf.ans
Y,dungeonx.tdf.ans
Y,dustnbnx.tdf.ans
Y,dynasty.tdf.ans
Y,dynastyx.tdf.ans
Y,eatmex.tdf.ans
Y,eberusx.tdf.ans
Y,eclipse2.tdf.ans
Y,eclipsex.tdf.ans
Y,eclpse2x.tdf.ans
Y,eleuthix.tdf.ans
Y,eleventh.tdf.ans
Y,elite.tdf.ans
Y,elusivex.tdf.ans
Y,emberx.tdf.ans
Y,empiresx.tdf.ans
Y,empi.tdf.ans
Y,emsx.tdf.ans
Y,endless.tdf.ans
Y,energyx.tdf.ans
Y,erthbnd2.tdf.ans
Y,erthbond.tdf.ans
Y,escape2.tdf.ans
Y,escapex.tdf.ans
Y,eterna2x.tdf.ans
Y,eternal2.tdf.ans
Y,eternalx.tdf.ans
Y,eternitx.tdf.ans
Y,etherx.tdf.ans
Y,euphorix.tdf.ans
Y,evilx.tdf.ans
Y,evlacidx.tdf.ans
Y,evolutx.tdf.ans
N,evolve.tdf.ans
Y,exilansa.tdf.ans
Y,exile.tdf.ans
Y,exilians.tdf.ans
Y,exodus2x.tdf.ans
Y,exodusx.tdf.ans
Y,explorax.tdf.ans
Y,explosox.tdf.ans
Y,extasyx.tdf.ans
N,fa!-#2.tdf.ans
Y,fade-1.tdf.ans
Y,fade-2.tdf.ans
Y,faithx.tdf.ans
Y,falconsx.tdf.ans
Y,fantasyx.tdf.ans
Y,fastlane.tdf.ans
Y,fatalx.tdf.ans
Y,fb-coldx.tdf.ans
N,fb-fogft.tdf.ans
Y,fb-gothx.tdf.ans
Y,fb-grayx.tdf.ans
Y,fb-icefx.tdf.ans
Y,fb-line.tdf.ans
Y,fb-oldsd.tdf.ans
Y,fb-redsd.tdf.ans
Y,fbr.tdf.ans
Y,fbrx.tdf.ans
Y,fear.tdf.ans
Y,fiberx.tdf.ans
Y,fields.tdf.ans
Y,filex.tdf.ans
Y,final.tdf.ans
Y,findest2.tdf.ans
Y,findstyx.tdf.ans
Y,finest.tdf.ans
Y,finestx.tdf.ans
Y,fine.tdf.ans
Y,fire.tdf.ans
Y,fishbowl.tdf.ans
Y,flarex.tdf.ans
Y,flatline.tdf.ans
Y,focspopx.tdf.ans
Y,font10.tdf.ans
Y,font11.tdf.ans
Y,font12x.tdf.ans
Y,font13.tdf.ans
Y,font14.tdf.ans
Y,font15.tdf.ans
Y,font16.tdf.ans
Y,font17.tdf.ans
Y,font18.tdf.ans
Y,font19.tdf.ans
Y,font1.tdf.ans
Y,font20.tdf.ans
Y,font21x.tdf.ans
Y,font22x.tdf.ans
Y,font23.tdf.ans
Y,font25.tdf.ans
Y,font26ox.tdf.ans
Y,font26x.tdf.ans
Y,font27.tdf.ans
Y,font28x.tdf.ans
Y,font29x.tdf.ans
N,font2.tdf.ans
Y,font2x.tdf.ans
Y,font30.tdf.ans
Y,font31.tdf.ans
Y,font32.tdf.ans
Y,font33.tdf.ans
Y,font34.tdf.ans
Y,font35.tdf.ans
Y,font36.tdf.ans
Y,font37r.tdf.ans
Y,font37.tdf.ans
Y,font38.tdf.ans
Y,font39.tdf.ans
Y,font3.tdf.ans
Y,font40x.tdf.ans
Y,font41.tdf.ans
Y,font42x.tdf.ans
Y,font43x.tdf.ans
Y,font44x.tdf.ans
Y,font45x.tdf.ans
Y,font46.tdf.ans
Y,font47x.tdf.ans
Y,font48.tdf.ans
Y,font49.tdf.ans
Y,font4.tdf.ans
Y,font4x.tdf.ans
Y,font50.tdf.ans
Y,font51.tdf.ans
Y,font52.tdf.ans
Y,font53x.tdf.ans
Y,font54x.tdf.ans
Y,font55x.tdf.ans
Y,font56x.tdf.ans
Y,font57.tdf.ans
Y,font58x.tdf.ans
Y,font59x.tdf.ans
Y,font5.tdf.ans
Y,font5x.tdf.ans
Y,font60x.tdf.ans
Y,font61x.tdf.ans
Y,font62.tdf.ans
Y,font64.tdf.ans
Y,font65.tdf.ans
Y,font66.tdf.ans
Y,font67x.tdf.ans
Y,font68.tdf.ans
Y,font69.tdf.ans
Y,font6.tdf.ans
Y,font70.tdf.ans
Y,font71.tdf.ans
Y,font72ox.tdf.ans
Y,font72.tdf.ans
Y,font73.tdf.ans
Y,font74.tdf.ans
Y,font76x.tdf.ans
Y,font77.tdf.ans
Y,font78x.tdf.ans
Y,font79x.tdf.ans
Y,font7.tdf.ans
Y,font80.tdf.ans
Y,font81x.tdf.ans
Y,font82.tdf.ans
Y,font83x.tdf.ans
Y,font84x.tdf.ans
Y,font85.tdf.ans
Y,font8.tdf.ans
Y,font9.tdf.ans
Y,forbiddx.tdf.ans
Y,forgotex.tdf.ans
Y,foundatx.tdf.ans
Y,fraktur2.tdf.ans
N,freak-10.tdf.ans
Y,freak112.tdf.ans
N,freak-11.tdf.ans
N,freak-2.tdf.ans
N,freak-4.tdf.ans
Y,freak_52.tdf.ans
N,freak-5.tdf.ans
Y,freeside.tdf.ans
Y,freside2.tdf.ans
Y,friendsp.tdf.ans
N,frzmoon.tdf.ans
Y,ftegatex.tdf.ans
Y,fth.tdf.ans
Y,fundbird.tdf.ans
Y,fungi.tdf.ans
Y,future2x.tdf.ans
Y,future.tdf.ans
Y,galaxyx.tdf.ans
Y,ganglanx.tdf.ans
Y,gardenx.tdf.ans
Y,generatn.tdf.ans
Y,genocide.tdf.ans
Y,georgia1.tdf.ans
Y,ghost.tdf.ans
Y,ghostx.tdf.ans
Y,glarex.tdf.ans
Y,gloomx.tdf.ans
Y,gloree.tdf.ans
N,gluenew.tdf.ans
Y,gnarlyx.tdf.ans
Y,gothic.tdf.ans
N,graffiti.tdf.ans
Y,grandx.tdf.ans
Y,graphicx.tdf.ans
Y,gravex.tdf.ans
Y,greedx.tdf.ans
Y,greek2.tdf.ans
Y,greenie.tdf.ans
Y,grnchaox.tdf.ans
Y,grndzero.tdf.ans
Y,grndzerx.tdf.ans
Y,grndzsml.tdf.ans
Y,grndzsmx.tdf.ans
N,grnsht.tdf.ans
Y,grnshtx.tdf.ans
Y,grveyard.tdf.ans
Y,guild2.tdf.ans
Y,guild.tdf.ans
Y,hacker2.tdf.ans
Y,hackshck.tdf.ans
N,hack-tdf.tdf.ans
Y,hardtdfx.tdf.ans
Y,hardwrdx.tdf.ans
Y,harlot.tdf.ans
Y,harlotx.tdf.ans
Y,harvest.tdf.ans
Y,harvestx.tdf.ans
Y,hawkx.tdf.ans
Y,head.tdf.ans
Y,headx.tdf.ans
Y,helitech.tdf.ans
Y,helitecx.tdf.ans
Y,helium.tdf.ans
Y,hellhole.tdf.ans
Y,hellpay.tdf.ans
Y,heltsklx.tdf.ans
Y,hemisphx.tdf.ans
Y,hemi.tdf.ans
Y,henry3d.tdf.ans
Y,hgsierax.tdf.ans
Y,hidden.tdf.ans
Y,hieroglp.tdf.ans
Y,hoard.tdf.ans
Y,hobbes.tdf.ans
Y,holywood.tdf.ans
N,hopeless.tdf.ans
N,horr-tdf.tdf.ans
Y,hostess.tdf.ans
Y,hotbox.tdf.ans
N,houn-tdf.tdf.ans
Y,housex.tdf.ans
Y,houstekx.tdf.ans
Y,hrdwirex.tdf.ans
N,hs-effek.tdf.ans
Y,hunterx.tdf.ans
Y,hwplated.tdf.ans
Y,hw.tdf.ans
Y,hwx.tdf.ans
Y,hydrogen.tdf.ans
Y,hyperx.tdf.ans
Y,hypnosis.tdf.ans
Y,hysteria.tdf.ans
N,iceblock.tdf.ans
Y,icecream.tdf.ans
Y,icefire.tdf.ans
Y,icex.tdf.ans
Y,icezonex.tdf.ans
Y,idesx.tdf.ans
Y,ilcommx.tdf.ans
Y,illcomm.tdf.ans
Y,illuchro.tdf.ans
Y,illusin2.tdf.ans
Y,illusion.tdf.ans
Y,ilusion3.tdf.ans
Y,images.tdf.ans
Y,imagesx.tdf.ans
Y,imgmnset.tdf.ans
N,impact2x.tdf.ans
Y,impactx.tdf.ans
Y,impossbl.tdf.ans
Y,inch.tdf.ans
Y,incircle.tdf.ans
Y,incirclx.tdf.ans
Y,incorped.tdf.ans
Y,incorpex.tdf.ans
Y,indesgrn.tdf.ans
Y,inertia.tdf.ans
Y,inertiax.tdf.ans
Y,inet.tdf.ans
Y,inetx.tdf.ans
Y,infinite.tdf.ans
Y,infinsrt.tdf.ans
Y,infinsrx.tdf.ans
Y,infozine.tdf.ans
Y,infozinx.tdf.ans
Y,inner.tdf.ans
Y,inocencx.tdf.ans
Y,insanex.tdf.ans
Y,insanity.tdf.ans
Y,insinsan.tdf.ans
Y,insinsax.tdf.ans
Y,insomiax.tdf.ans
Y,inspectx.tdf.ans
Y,intense.tdf.ans
Y,intensex.tdf.ans
Y,intentsx.tdf.ans
Y,internat.tdf.ans
Y,intoxicx.tdf.ans
Y,invasins.tdf.ans
Y,invasion.tdf.ans
Y,invasisx.tdf.ans
Y,iridium.tdf.ans
Y,isomet1.tdf.ans
Y,isomet2.tdf.ans
Y,isomet3.tdf.ans
Y,isomet4.tdf.ans
Y,itsover.tdf.ans
Y,jazmine.tdf.ans
N,jelly.tdf.ans
Y,jsfraste.tdf.ans
Y,juice.tdf.ans
Y,juicex.tdf.ans
Y,juvenocr.tdf.ans
Y,kansas.tdf.ans
Y,kevin2.tdf.ans
Y,kevin42.tdf.ans
N,kevin4.tdf.ans
Y,kevin52.tdf.ans
N,kevin5.tdf.ans
Y,kewl-tdf.tdf.ans
Y,kfcx.tdf.ans
Y,kissmy.tdf.ans
Y,kissmyx.tdf.ans
Y,knightsx.tdf.ans
Y,koders.tdf.ans
Y,kolo-tdf.tdf.ans
Y,krystal.tdf.ans
Y,krystalx.tdf.ans
N,larry3d.tdf.ans
Y,lastbbs.tdf.ans
Y,lastdime.tdf.ans
Y,laughtex.tdf.ans
Y,league.tdf.ans
Y,leeching.tdf.ans
Y,leech.tdf.ans
Y,legacy2x.tdf.ans
N,legacy.tdf.ans
Y,legcy3dx.tdf.ans
Y,leisure.tdf.ans
Y,leisurex.tdf.ans
Y,lgy3dbl.tdf.ans
Y,liar.tdf.ans
N,limpyset.tdf.ans
Y,liquid2.tdf.ans
Y,liquid.tdf.ans
N,live.tdf.ans
Y,lkergnme.tdf.ans
N,lstsouls.tdf.ans
Y,lucidsrt.tdf.ans
Y,lucretix.tdf.ans
Y,madman2.tdf.ans
Y,madman.tdf.ans
Y,magazine.tdf.ans
Y,magicast.tdf.ans
Y,magnumx.tdf.ans
Y,majicx.tdf.ans
Y,malice.tdf.ans
Y,mappersx.tdf.ans
Y,masacrex.tdf.ans
Y,master.tdf.ans
Y,matrix.tdf.ans
Y,matrixx.tdf.ans
N,maxfont2.tdf.ans
Y,maxfour.tdf.ans
Y,maximum.tdf.ans
Y,maximumx.tdf.ans
Y,mechanic.tdf.ans
Y,mechresi.tdf.ans
Y,mechrest.tdf.ans
Y,medium.tdf.ans
Y,members.tdf.ans
Y,memoryx.tdf.ans
Y,menacex.tdf.ans
Y,mercury2.tdf.ans
Y,mercury.tdf.ans
Y,mercuryx.tdf.ans
Y,mercuy3x.tdf.ans
Y,merlin1.tdf.ans
Y,merlin2.tdf.ans
Y,messages.tdf.ans
Y,metalix2.tdf.ans
N,metalix.tdf.ans
Y,midas.tdf.ans
Y,middlage.tdf.ans
Y,midnight.tdf.ans
Y,mindbend.tdf.ans
Y,mindbncx.tdf.ans
Y,mindstax.tdf.ans
Y,mindsx.tdf.ans
Y,mirror.tdf.ans
Y,mirrow2.tdf.ans
Y,money.tdf.ans
N,moon1.tdf.ans
N,moon2.tdf.ans
N,moon3.tdf.ans
Y,morldecx.tdf.ans
Y,motion.tdf.ans
Y,mr.tdf.ans
Y,myfont.tdf.ans
Y,mystbye.tdf.ans
Y,mysteryx.tdf.ans
Y,mysticx.tdf.ans
Y,mystousx.tdf.ans
Y,nacho.tdf.ans
Y,nancyjfa.tdf.ans
Y,nancyjip.tdf.ans
Y,nancyjul.tdf.ans
Y,nationx.tdf.ans
Y,negative.tdf.ans
N,neon.tdf.ans
Y,nestred.tdf.ans
Y,nestx.tdf.ans
Y,neurosix.tdf.ans
Y,neurosmx.tdf.ans
Y,neurrndx.tdf.ans
Y,neutralx.tdf.ans
Y,newhavnx.tdf.ans
Y,newsletx.tdf.ans
Y,newsx.tdf.ans
Y,nexus.tdf.ans
Y,nghtmare.tdf.ans
Y,ngthshdx.tdf.ans
Y,nicex.tdf.ans
Y,nigtmgrx.tdf.ans
Y,nirvana2.tdf.ans
N,nirvana.tdf.ans
Y,nmswhq.tdf.ans
Y,nocariex.tdf.ans
Y,nodelay.tdf.ans
Y,nodespyx.tdf.ans
Y,nope2.tdf.ans
Y,nope.tdf.ans
Y,northerx.tdf.ans
Y,novax.tdf.ans
Y,nox.tdf.ans
Y,nrthstar.tdf.ans
Y,nsa.tdf.ans
Y,nuclear.tdf.ans
Y,nukex.tdf.ans
Y,nuklearx.tdf.ans
Y,nvscr2.tdf.ans
N,nvscript.tdf.ans
Y,nycotine.tdf.ans
Y,nyndee.tdf.ans
Y,oblivion.tdf.ans
Y,oblivred.tdf.ans
Y,obsesss.tdf.ans
Y,obvlrdsm.tdf.ans
Y,oceana.tdf.ans
Y,odb.tdf.ans
Y,ogre.tdf.ans
Y,onelinex.tdf.ans
Y,one.tdf.ans
Y,onkelzx.tdf.ans
Y,optical.tdf.ans
Y,outfont1.tdf.ans
Y,outlinex.tdf.ans
Y,outpost2.tdf.ans
Y,outpost.tdf.ans
Y,overdosx.tdf.ans
Y,paganrhx.tdf.ans
N,pagan.tdf.ans
Y,paincave.tdf.ans
Y,palace2x.tdf.ans
Y,palace.tdf.ans
Y,paladiux.tdf.ans
Y,pandemon.tdf.ans
Y,pangeax.tdf.ans
Y,pantheon.tdf.ans
Y,paradigm.tdf.ans
Y,paramntx.tdf.ans
Y,paridoxx.tdf.ans
Y,partyx.tdf.ans
Y,patchese.tdf.ans
Y,patex.tdf.ans
Y,patorjk.tdf.ans
Y,pcboard.tdf.ans
Y,pentagrx.tdf.ans
N,pepper.tdf.ans
Y,persuasx.tdf.ans
Y,pex.tdf.ans
N,phalanx.tdf.ans
N,phalnxx.tdf.ans
Y,pharcydx.tdf.ans
Y,phiber1x.tdf.ans
Y,phiber2.tdf.ans
Y,phiberx.tdf.ans
Y,phonx.tdf.ans
Y,phuck.tdf.ans
Y,phudge.tdf.ans
Y,pinaclex.tdf.ans
Y,pipeline.tdf.ans
Y,pirates.tdf.ans
Y,pitsx.tdf.ans
Y,pittyx.tdf.ans
Y,platzang.tdf.ans
Y,poisonx.tdf.ans
Y,policex.tdf.ans
Y,portal.tdf.ans
Y,powrgrdx.tdf.ans
Y,prdctnsx.tdf.ans
Y,presurex.tdf.ans
Y,primelin.tdf.ans
Y,primelix.tdf.ans
Y,prisoner.tdf.ans
Y,prjet13x.tdf.ans
Y,proctor.tdf.ans
Y,prophecy.tdf.ans
Y,props.tdf.ans
Y,prototyp.tdf.ans
Y,prpugrdx.tdf.ans
Y,psych3dx.tdf.ans
Y,psycho2.tdf.ans
Y,psycho3x.tdf.ans
Y,psychos2.tdf.ans
Y,psychosm.tdf.ans
Y,psychsyx.tdf.ans
Y,psycosix.tdf.ans
Y,psyneuro.tdf.ans
Y,pulsex.tdf.ans
Y,puncx.tdf.ans
Y,punishtx.tdf.ans
Y,puremadx.tdf.ans
N,pushead.tdf.ans
Y,quazarx.tdf.ans
N,radiancx.tdf.ans
Y,ragnarkx.tdf.ans
Y,rainx.tdf.ans
Y,rammsten.tdf.ans
N,rapidcol.tdf.ans
N,rapid.tdf.ans
Y,rastaa.tdf.ans
Y,raster.tdf.ans
Y,ravaged.tdf.ans
Y,rave.tdf.ans
Y,razor1x.tdf.ans
Y,razor2.tdf.ans
Y,razor3.tdf.ans
Y,razorx.tdf.ans
Y,realityx.tdf.ans
Y,rebelart.tdf.ans
Y,rebelion.tdf.ans
Y,rebell.tdf.ans
Y,redphonx.tdf.ans
Y,regency.tdf.ans
Y,regulatx.tdf.ans
Y,reguoutx.tdf.ans
Y,relief2.tdf.ans
Y,relief.tdf.ans
Y,remorse.tdf.ans
Y,request.tdf.ans
Y,resista2.tdf.ans
Y,resistan.tdf.ans
Y,resistax.tdf.ans
Y,retribtx.tdf.ans
Y,review.tdf.ans
Y,revisiox.tdf.ans
Y,revolutx.tdf.ans
Y,ripper.tdf.ans
Y,rivndelx.tdf.ans
Y,robojoke.tdf.ans
Y,rod-blue.tdf.ans
Y,rod-grn.tdf.ans
Y,rod-nav.tdf.ans
Y,rod-red.tdf.ans
N,romannsl.tdf.ans
Y,roman.tdf.ans
Y,rounded.tdf.ans
Y,roundx.tdf.ans
Y,rowancap.tdf.ans
Y,roy3d.tdf.ans
Y,royafnt1.tdf.ans
Y,royafnt2.tdf.ans
Y,royfivex.tdf.ans
N,royfnt1.tdf.ans
Y,royfour2.tdf.ans
N,royfour.tdf.ans
N,roy-olsx.tdf.ans
Y,roysac2c.tdf.ans
N,roysacos.tdf.ans
Y,rozzo.tdf.ans
Y,rozzy.tdf.ans
Y,rozzyx.tdf.ans
Y,r.tdf.ans
Y,runner.tdf.ans
Y,rust.tdf.ans
Y,rusty.tdf.ans
Y,sabotagc.tdf.ans
Y,sabotage.tdf.ans
Y,sabotg2x.tdf.ans
Y,sacgrenx.tdf.ans
Y,sac.tdf.ans
Y,sadistx.tdf.ans
Y,salvatnx.tdf.ans
Y,sanctx.tdf.ans
Y,sanitarx.tdf.ans
Y,sanktryx.tdf.ans
Y,sanktuary.tdf.ans
Y,savagex.tdf.ans
Y,scd-l2x.tdf.ans
N,scd-line.tdf.ans
Y,sector2x.tdf.ans
Y,sector.tdf.ans
Y,sectorx.tdf.ans
Y,seedsx.tdf.ans
Y,seleven.tdf.ans
Y,sensex.tdf.ans
Y,serpentx.tdf.ans
Y,severedx.tdf.ans
Y,shadlndx.tdf.ans
Y,shadow.tdf.ans
Y,shadwlsx.tdf.ans
Y,shadwsx.tdf.ans
Y,shallowx.tdf.ans
Y,shaolin2.tdf.ans
Y,shaolins.tdf.ans
Y,shaolyn.tdf.ans
Y,shaolynx.tdf.ans
Y,shaos.tdf.ans
Y,shaosx.tdf.ans
Y,shaotis.tdf.ans
Y,sheaven.tdf.ans
Y,sheavenx.tdf.ans
Y,shelznsh.tdf.ans
Y,shelzone.tdf.ans
N,shlnvert.tdf.ans
Y,shodanx.tdf.ans
Y,shrimpx.tdf.ans
Y,shrooms.tdf.ans
Y,shsystem.tdf.ans
Y,sidepock.tdf.ans
Y,sidepokx.tdf.ans
Y,silicon2.tdf.ans
Y,silicsht.tdf.ans
Y,silver2.tdf.ans
Y,silverx.tdf.ans
Y,siversx.tdf.ans
Y,skillion.tdf.ans
Y,skyligtx.tdf.ans
Y,sloup.tdf.ans
Y,smallr.tdf.ans
Y,smlisom1.tdf.ans
Y,smlslant.tdf.ans
Y,societyx.tdf.ans
Y,sodapop.tdf.ans
Y,sole.tdf.ans
Y,sonic.tdf.ans
Y,sonicx.tdf.ans
N,spacelnk.tdf.ans
Y,spacelnx.tdf.ans
Y,spanish.tdf.ans
Y,spastc4x.tdf.ans
Y,spastc5x.tdf.ans
Y,spastic1.tdf.ans
Y,spastic2.tdf.ans
Y,spastic3.tdf.ans
Y,spawn.tdf.ans
Y,spedwayx.tdf.ans
Y,speedway.tdf.ans
Y,splathos.tdf.ans
Y,splat.tdf.ans
Y,splooge.tdf.ans
Y,spyrit.tdf.ans
Y,stampx.tdf.ans
Y,standard.tdf.ans
Y,star2x.tdf.ans
Y,star3dx.tdf.ans
Y,stargatx.tdf.ans
Y,star.tdf.ans
Y,starwars.tdf.ans
Y,stasis.tdf.ans
Y,static.tdf.ans
Y,statisx.tdf.ans
Y,statsrs.tdf.ans
Y,stats.tdf.ans
Y,steelx.tdf.ans
Y,stncirc1.tdf.ans
Y,stncirc2.tdf.ans
Y,stormx.tdf.ans
Y,strabery.tdf.ans
Y,stripesx.tdf.ans
Y,stripssx.tdf.ans
Y,stupidx.tdf.ans
Y,sturbo.tdf.ans
Y,sub.tdf.ans
Y,sub-zero.tdf.ans
Y,succo2x.tdf.ans
Y,succox.tdf.ans
Y,sucker.tdf.ans
Y,suicidax.tdf.ans
Y,summit.tdf.ans
Y,sunrise.tdf.ans
Y,sunshnex.tdf.ans
Y,sunyshne.tdf.ans
Y,superilu.tdf.ans
Y,super.tdf.ans
Y,suprem2x.tdf.ans
Y,supremcy.tdf.ans
Y,supreme2.tdf.ans
N,supreme.tdf.ans
Y,swamplnd.tdf.ans
Y,sweet.tdf.ans
Y,syndicat.tdf.ans
Y,syndrome.tdf.ans
Y,synergy.tdf.ans
Y,synrdsrx.tdf.ans
Y,synrgisx.tdf.ans
Y,synthicx.tdf.ans
Y,synthmem.tdf.ans
Y,synthtic.tdf.ans
Y,talent2.tdf.ans
Y,talent.tdf.ans
Y,tcax.tdf.ans
Y,tddx.tdf.ans
Y,tdfonts-3.tdf.ans
Y,tdu.tdf.ans
Y,teapotx.tdf.ans
Y,tech.tdf.ans
Y,tengwar.tdf.ans
Y,termitex.tdf.ans
Y,tfh.tdf.ans
N,the_edge.tdf.ans
Y,thenstax.tdf.ans
Y,theroadx.tdf.ans
Y,thesanct.tdf.ans
Y,thicko.tdf.ans
Y,thick.tdf.ans
N,thieves.tdf.ans
Y,thievs2x.tdf.ans
Y,thievsml.tdf.ans
Y,thin2.tdf.ans
Y,thinx.tdf.ans
N,this!.tdf.ans
Y,thivsmlx.tdf.ans
Y,thsanctx.tdf.ans
Y,ticcol.tdf.ans
Y,ticksslt.tdf.ans
Y,ticks.tdf.ans
Y,tic.tdf.ans
Y,timspirx.tdf.ans
Y,tincans.tdf.ans
Y,tiny.tdf.ans
Y,toasterx.tdf.ans
Y,tokyo.tdf.ans
Y,tower2.tdf.ans
Y,tower.tdf.ans
Y,townsmlx.tdf.ans
Y,townx.tdf.ans
Y,traces.tdf.ans
Y,tranqilx.tdf.ans
Y,trek.tdf.ans
Y,tribesx.tdf.ans
Y,tribwrit.tdf.ans
Y,tronicsx.tdf.ans
Y,troutx.tdf.ans
Y,tucx.tdf.ans
Y,tumoil.tdf.ans
Y,tusse.tdf.ans
Y,twistedx.tdf.ans
Y,twoyears.tdf.ans
Y,udm1x.tdf.ans
Y,udmfire.tdf.ans
Y,ugrndftr.tdf.ans
Y,unchainx.tdf.ans
Y,undergd2.tdf.ans
Y,under.tdf.ans
Y,underwld.tdf.ans
Y,undrgdsx.tdf.ans
Y,undrgrn2.tdf.ans
Y,undrgrnd.tdf.ans
Y,undrgrwn.tdf.ans
Y,undrwldx.tdf.ans
Y,ungrwing.tdf.ans
Y,ungrwnxx.tdf.ans
Y,unholyx.tdf.ans
Y,union2.tdf.ans
Y,union.tdf.ans
Y,univers.tdf.ans
Y,unknownx.tdf.ans
Y,unox.tdf.ans
Y,unreal.tdf.ans
Y,unsane.tdf.ans
Y,unsanex.tdf.ans
Y,unsnfate.tdf.ans
Y,untx.tdf.ans
Y,upcorx.tdf.ans
Y,uprise2x.tdf.ans
Y,uprise.tdf.ans
N,usaflag.tdf.ans
Y,userstsx.tdf.ans
Y,user.tdf.ans
Y,usex.tdf.ans
Y,usflgcol.tdf.ans
Y,usflgorg.tdf.ans
Y,utopanx.tdf.ans
Y,valleyx.tdf.ans
Y,vampyrex.tdf.ans
Y,vasniakx.tdf.ans
N,vdo_1.tdf.ans
Y,vengancx.tdf.ans
Y,vibrntsx.tdf.ans
Y,vintage.tdf.ans
Y,violent.tdf.ans
Y,virtacxs.tdf.ans
Y,vision2.tdf.ans
Y,vision3.tdf.ans
Y,visions.tdf.ans
Y,visionsx.tdf.ans
Y,visionx.tdf.ans
Y,visionxx.tdf.ans
Y,voices.tdf.ans
Y,voidx.tdf.ans
Y,wallx.tdf.ans
Y,warzonex.tdf.ans
Y,watchdgx.tdf.ans
N,water.tdf.ans
N,weird.tdf.ans
Y,wellfare.tdf.ans
Y,wetleter.tdf.ans
Y,whimsy.tdf.ans
N,whirwinx.tdf.ans
N,white-bl.tdf.ans
Y,whox.tdf.ans
Y,wicked.tdf.ans
Y,wildchld.tdf.ans
Y,wildsidx.tdf.ans
N,wild.tdf.ans
N,wpaint.tdf.ans
Y,xentrx1x.tdf.ans
Y,xfontx.tdf.ans
Y,xmas.tdf.ans
Y,x-tremex.tdf.ans
Y,yazoox.tdf.ans
Y,zane.tdf.ans
Y,zanex.tdf.ans
Y,zetrax.tdf.ans
Y,zookx.tdf.ans
